{
  "model": "granite33-2b-instruct",
  "rep": 0,
  "n_problems": 164,
  "n_passed": 85,
  "n_extract_ok": 164,
  "wall_s": 1584.7183593830123,
  "completion_tokens": 22430,
  "pass_at_1": 0.5182926829268293
}