{
  "model": "qwen25-1.5b-instruct",
  "rep": 0,
  "n_problems": 164,
  "n_passed": 92,
  "n_extract_ok": 164,
  "wall_s": 933.40239021001,
  "completion_tokens": 22967,
  "pass_at_1": 0.5609756097560976
}