{
  "model": "qwen25-coder-1.5b-instruct",
  "rep": 2,
  "n_problems": 164,
  "n_passed": 109,
  "n_extract_ok": 164,
  "wall_s": 271.1232410480152,
  "completion_tokens": 30055,
  "pass_at_1": 0.6646341463414634
}