{
  "model": "granite33-2b-instruct",
  "rep": 2,
  "n_problems": 164,
  "n_passed": 88,
  "n_extract_ok": 164,
  "wall_s": 188.25136245880276,
  "completion_tokens": 22588,
  "pass_at_1": 0.5365853658536586
}