{
  "model": "qwen25-1.5b-instruct",
  "rep": 2,
  "n_problems": 164,
  "n_passed": 93,
  "n_extract_ok": 164,
  "wall_s": 238.62695603747852,
  "completion_tokens": 26056,
  "pass_at_1": 0.5670731707317073
}