{
  "model": "qwen25-coder-1.5b-instruct",
  "rep": 0,
  "n_problems": 164,
  "n_passed": 114,
  "n_extract_ok": 164,
  "wall_s": 343.66983846219955,
  "completion_tokens": 30187,
  "pass_at_1": 0.6951219512195121
}