{
  "model": "granite33-2b-instruct",
  "rep": 0,
  "n_problems": 164,
  "n_passed": 87,
  "n_extract_ok": 164,
  "wall_s": 338.09362479293486,
  "completion_tokens": 22217,
  "pass_at_1": 0.5304878048780488
}