{
  "model": "qwen25-1.5b-instruct",
  "rep": 3,
  "n_problems": 164,
  "n_passed": 80,
  "n_extract_ok": 163,
  "wall_s": 198.71450583427213,
  "completion_tokens": 24688,
  "pass_at_1": 0.4878048780487805
}