{
  "model": "qwen25-coder-1.5b-instruct",
  "rep": 3,
  "n_problems": 164,
  "n_passed": 107,
  "n_extract_ok": 164,
  "wall_s": 220.12734045792604,
  "completion_tokens": 29174,
  "pass_at_1": 0.6524390243902439
}